Item No_,Lot No_,Bin Code,Quantity
119852,IDS-21E2-00039,TMG,1.717745E7
119852,IDS-21E2-00039,IGS,1.69511E7
119852,IDS-21E2-00125,TMG,1.531635E7
108259,IDS-21E2-00039,TMG,1.3173975E7
108259,IDS-21E2-00039,IGS,1.28412E7
119852,IDS-21E2-00125,IGS,1.154385E7
119852,IDS-21E2-00560,TMG,9707900.0
119852,IDS-21E2-00564,TMG,8576150.0
108259,IDS-21E2-00560,TMG,8534700.0
119852,IDS-21E2-00560,IGS,8374950.0
