Bin Code,Quantity
TMG.1,18900.0
TMG,3.5393905E8
IGS,2.61391425E8
